,year,state,value
1061,2000,ALABAMA,54.0
1019,2001,ALABAMA,48.0
977,2002,ALABAMA,40.0
935,2003,ALABAMA,41.0
893,2004,ALABAMA,48.0
851,2005,ALABAMA,50.0
809,2006,ALABAMA,57.0
767,2007,ALABAMA,42.0
725,2008,ALABAMA,71.0
683,2009,ALABAMA,54.0
641,2010,ALABAMA,55.0
599,2011,ALABAMA,73.0
557,2012,ALABAMA,59.0
515,2013,ALABAMA,69.0
473,2014,ALABAMA,69.0
347,2015,ALABAMA,68.0
389,2015,ALABAMA,62.0
431,2015,ALABAMA,62.0
305,2016,ALABAMA,70.0
263,2017,ALABAMA,77.0
221,2018,ALABAMA,72.0
184,2019,ALABAMA,72.0
147,2020,ALABAMA,72.0
110,2021,ALABAMA,83.0
73,2022,ALABAMA,72.0
36,2023,ALABAMA,75.0
0,2024,ALABAMA,71.0
1062,2000,ARIZONA,95.4
1020,2001,ARIZONA,91.6
978,2002,ARIZONA,95.4
936,2003,ARIZONA,100.1
894,2004,ARIZONA,96.7
852,2005,ARIZONA,99.5
810,2006,ARIZONA,99.7
768,2007,ARIZONA,101.4
726,2008,ARIZONA,97.9
684,2009,ARIZONA,99.4
642,2010,ARIZONA,111.2
600,2011,ARIZONA,99.0
558,2012,ARIZONA,94.2
516,2013,ARIZONA,99.4
474,2014,ARIZONA,110.1
348,2015,ARIZONA,101.0
390,2015,ARIZONA,94.5
432,2015,ARIZONA,94.5
306,2016,ARIZONA,97.8
264,2017,ARIZONA,100.8
222,2018,ARIZONA,102.6
185,2019,ARIZONA,104.0
148,2020,ARIZONA,99.0
111,2021,ARIZONA,90.0
74,2022,ARIZONA,114.0
37,2023,ARIZONA,103.0
1,2024,ARIZONA,109.0
1063,2000,ARKANSAS,54.0
1021,2001,ARKANSAS,52.0
979,2002,ARKANSAS,46.0
937,2003,ARKANSAS,50.0
895,2004,ARKANSAS,53.0
853,2005,ARKANSAS,52.0
811,2006,ARKANSAS,61.0
769,2007,ARKANSAS,41.0
727,2008,ARKANSAS,56.0
685,2009,ARKANSAS,44.0
643,2010,ARKANSAS,54.0
601,2011,ARKANSAS,58.0
559,2012,ARKANSAS,55.0
517,2013,ARKANSAS,62.0
475,2014,ARKANSAS,63.0
349,2015,ARKANSAS,56.0
391,2015,ARKANSAS,53.0
433,2015,ARKANSAS,53.0
307,2016,ARKANSAS,54.0
265,2017,ARKANSAS,52.0
223,2018,ARKANSAS,55.0
186,2019,ARKANSAS,52.0
149,2020,ARKANSAS,55.0
112,2021,ARKANSAS,58.0
75,2022,ARKANSAS,53.0
38,2023,ARKANSAS,57.0
2,2024,ARKANSAS,56.0
1064,2000,CALIFORNIA,76.0
1022,2001,CALIFORNIA,76.1
980,2002,CALIFORNIA,81.5
938,2003,CALIFORNIA,69.5
896,2004,CALIFORNIA,86.2
854,2005,CALIFORNIA,76.3
812,2006,CALIFORNIA,66.5
770,2007,CALIFORNIA,85.4
728,2008,CALIFORNIA,89.6
686,2009,CALIFORNIA,84.3
644,2010,CALIFORNIA,85.5
602,2011,CALIFORNIA,91.6
560,2012,CALIFORNIA,90.9
518,2013,CALIFORNIA,82.5
476,2014,CALIFORNIA,83.4
350,2015,CALIFORNIA,79.1
392,2015,CALIFORNIA,73.2
434,2015,CALIFORNIA,73.2
308,2016,CALIFORNIA,79.7
266,2017,CALIFORNIA,68.2
224,2018,CALIFORNIA,81.3
187,2019,CALIFORNIA,59.4
150,2020,CALIFORNIA,77.2
113,2021,CALIFORNIA,87.1
76,2022,CALIFORNIA,85.3
39,2023,CALIFORNIA,86.0
3,2024,CALIFORNIA,85.0
1065,2000,COLORADO,29.8
1023,2001,COLORADO,33.8
981,2002,COLORADO,22.8
939,2003,COLORADO,35.1
897,2004,COLORADO,27.4
855,2005,COLORADO,24.4
813,2006,COLORADO,21.6
771,2007,COLORADO,39.2
729,2008,COLORADO,31.8
687,2009,COLORADO,40.6
645,2010,COLORADO,43.5
603,2011,COLORADO,38.1
561,2012,COLORADO,31.3
519,2013,COLORADO,25.3
477,2014,COLORADO,38.1
351,2015,COLORADO,37.1
393,2015,COLORADO,37.1
435,2015,COLORADO,39.1
309,2016,COLORADO,48.2
267,2017,COLORADO,43.2
225,2018,COLORADO,36.1
188,2019,COLORADO,49.0
151,2020,COLORADO,27.0
114,2021,COLORADO,37.0
77,2022,COLORADO,25.0
40,2023,COLORADO,41.0
4,2024,COLORADO,35.0
1066,2000,DELAWARE,66.0
1024,2001,DELAWARE,61.0
982,2002,DELAWARE,70.0
940,2003,DELAWARE,41.0
898,2004,DELAWARE,58.0
856,2005,DELAWARE,70.0
814,2006,DELAWARE,67.0
772,2007,DELAWARE,68.0
730,2008,DELAWARE,77.0
688,2009,DELAWARE,61.0
646,2010,DELAWARE,58.0
604,2011,DELAWARE,69.0
562,2012,DELAWARE,74.0
520,2013,DELAWARE,64.0
478,2014,DELAWARE,72.0
352,2015,DELAWARE,65.0
394,2015,DELAWARE,67.0
436,2015,DELAWARE,67.0
310,2016,DELAWARE,67.0
268,2017,DELAWARE,73.0
226,2018,DELAWARE,71.0
189,2019,DELAWARE,72.0
152,2020,DELAWARE,73.0
115,2021,DELAWARE,70.0
78,2022,DELAWARE,76.0
41,2023,DELAWARE,92.0
5,2024,DELAWARE,72.0
1067,2000,FLORIDA,49.0
1025,2001,FLORIDA,41.0
983,2002,FLORIDA,35.0
941,2003,FLORIDA,41.0
899,2004,FLORIDA,45.0
857,2005,FLORIDA,45.0
815,2006,FLORIDA,42.0
773,2007,FLORIDA,55.0
731,2008,FLORIDA,54.0
689,2009,FLORIDA,44.0
647,2010,FLORIDA,41.0
605,2011,FLORIDA,46.0
563,2012,FLORIDA,42.0
521,2013,FLORIDA,59.0
479,2014,FLORIDA,39.0
353,2015,FLORIDA,43.0
395,2015,FLORIDA,45.0
437,2015,FLORIDA,45.0
311,2016,FLORIDA,30.0
269,2017,FLORIDA,37.0
227,2018,FLORIDA,36.0
1068,2000,GEORGIA,54.0
1026,2001,GEORGIA,53.0
984,2002,GEORGIA,42.0
942,2003,GEORGIA,46.0
900,2004,GEORGIA,45.0
858,2005,GEORGIA,52.0
816,2006,GEORGIA,49.0
774,2007,GEORGIA,40.0
732,2008,GEORGIA,55.0
690,2009,GEORGIA,42.0
648,2010,GEORGIA,40.0
606,2011,GEORGIA,56.0
564,2012,GEORGIA,50.0
522,2013,GEORGIA,60.0
480,2014,GEORGIA,49.0
354,2015,GEORGIA,43.0
396,2015,GEORGIA,46.0
438,2015,GEORGIA,46.0
312,2016,GEORGIA,46.0
270,2017,GEORGIA,47.0
228,2018,GEORGIA,54.0
190,2019,GEORGIA,56.0
153,2020,GEORGIA,55.0
116,2021,GEORGIA,56.0
79,2022,GEORGIA,58.0
42,2023,GEORGIA,55.0
6,2024,GEORGIA,59.0
1069,2000,IDAHO,83.3
1027,2001,IDAHO,70.9
985,2002,IDAHO,71.9
943,2003,IDAHO,74.9
901,2004,IDAHO,85.5
859,2005,IDAHO,83.8
817,2006,IDAHO,75.6
775,2007,IDAHO,71.2
733,2008,IDAHO,73.8
691,2009,IDAHO,79.3
649,2010,IDAHO,80.4
607,2011,IDAHO,83.3
565,2012,IDAHO,78.2
523,2013,IDAHO,82.2
481,2014,IDAHO,78.4
355,2015,IDAHO,77.4
397,2015,IDAHO,75.2
439,2015,IDAHO,75.0
313,2016,IDAHO,91.4
271,2017,IDAHO,81.8
229,2018,IDAHO,91.9
191,2019,IDAHO,87.8
154,2020,IDAHO,96.6
117,2021,IDAHO,67.6
80,2022,IDAHO,86.8
43,2023,IDAHO,86.1
7,2024,IDAHO,89.0
1070,2000,ILLINOIS,57.0
1028,2001,ILLINOIS,61.0
986,2002,ILLINOIS,49.0
944,2003,ILLINOIS,65.0
902,2004,ILLINOIS,59.0
860,2005,ILLINOIS,61.0
818,2006,ILLINOIS,67.0
776,2007,ILLINOIS,55.0
734,2008,ILLINOIS,64.0
692,2009,ILLINOIS,56.0
650,2010,ILLINOIS,57.0
608,2011,ILLINOIS,61.0
566,2012,ILLINOIS,64.0
524,2013,ILLINOIS,67.0
482,2014,ILLINOIS,67.0
356,2015,ILLINOIS,65.0
398,2015,ILLINOIS,65.0
440,2015,ILLINOIS,66.0
314,2016,ILLINOIS,74.0
272,2017,ILLINOIS,76.0
230,2018,ILLINOIS,66.0
192,2019,ILLINOIS,67.0
155,2020,ILLINOIS,68.0
118,2021,ILLINOIS,79.0
81,2022,ILLINOIS,79.0
44,2023,ILLINOIS,87.0
8,2024,ILLINOIS,86.0
1071,2000,INDIANA,69.0
1029,2001,INDIANA,66.0
987,2002,INDIANA,53.0
945,2003,INDIANA,68.0
903,2004,INDIANA,62.0
861,2005,INDIANA,72.0
819,2006,INDIANA,68.0
777,2007,INDIANA,56.0
735,2008,INDIANA,69.0
693,2009,INDIANA,67.0
651,2010,INDIANA,60.0
609,2011,INDIANA,62.0
567,2012,INDIANA,67.0
525,2013,INDIANA,73.0
483,2014,INDIANA,76.0
357,2015,INDIANA,68.0
399,2015,INDIANA,70.0
441,2015,INDIANA,72.0
315,2016,INDIANA,81.0
273,2017,INDIANA,74.0
231,2018,INDIANA,71.0
193,2019,INDIANA,62.0
156,2020,INDIANA,70.0
119,2021,INDIANA,85.0
82,2022,INDIANA,81.0
45,2023,INDIANA,92.0
9,2024,INDIANA,89.0
1072,2000,IOWA,47.0
1030,2001,IOWA,54.0
988,2002,IOWA,53.0
946,2003,IOWA,61.0
904,2004,IOWA,55.0
862,2005,IOWA,50.0
820,2006,IOWA,66.0
778,2007,IOWA,48.0
736,2008,IOWA,48.0
694,2009,IOWA,45.0
652,2010,IOWA,46.0
610,2011,IOWA,45.0
568,2012,IOWA,50.0
526,2013,IOWA,52.0
484,2014,IOWA,49.0
358,2015,IOWA,52.0
400,2015,IOWA,52.0
442,2015,IOWA,52.0
316,2016,IOWA,63.0
274,2017,IOWA,68.0
232,2018,IOWA,58.0
1073,2000,KANSAS,37.0
1031,2001,KANSAS,40.0
989,2002,KANSAS,33.0
947,2003,KANSAS,48.0
905,2004,KANSAS,37.0
863,2005,KANSAS,40.0
821,2006,KANSAS,32.0
779,2007,KANSAS,33.0
737,2008,KANSAS,40.0
695,2009,KANSAS,42.0
653,2010,KANSAS,45.0
611,2011,KANSAS,35.0
569,2012,KANSAS,42.0
527,2013,KANSAS,38.0
485,2014,KANSAS,28.0
359,2015,KANSAS,37.0
401,2015,KANSAS,38.0
443,2015,KANSAS,38.0
317,2016,KANSAS,57.0
275,2017,KANSAS,48.0
233,2018,KANSAS,38.0
194,2019,KANSAS,52.0
157,2020,KANSAS,45.0
120,2021,KANSAS,52.0
83,2022,KANSAS,37.0
46,2023,KANSAS,35.0
10,2024,KANSAS,43.0
1074,2000,KENTUCKY,57.0
1032,2001,KENTUCKY,66.0
990,2002,KENTUCKY,52.0
948,2003,KENTUCKY,62.0
906,2004,KENTUCKY,54.0
864,2005,KENTUCKY,68.0
822,2006,KENTUCKY,71.0
780,2007,KENTUCKY,48.0
738,2008,KENTUCKY,71.0
696,2009,KENTUCKY,57.0
654,2010,KENTUCKY,66.0
612,2011,KENTUCKY,70.0
570,2012,KENTUCKY,63.0
528,2013,KENTUCKY,75.0
486,2014,KENTUCKY,71.0
360,2015,KENTUCKY,73.0
402,2015,KENTUCKY,70.0
444,2015,KENTUCKY,72.0
318,2016,KENTUCKY,80.0
276,2017,KENTUCKY,77.0
234,2018,KENTUCKY,66.0
195,2019,KENTUCKY,76.0
158,2020,KENTUCKY,63.0
121,2021,KENTUCKY,87.0
84,2022,KENTUCKY,80.0
47,2023,KENTUCKY,88.0
11,2024,KENTUCKY,75.0
1075,2000,LOUISIANA,53.0
1033,2001,LOUISIANA,50.0
991,2002,LOUISIANA,40.0
949,2003,LOUISIANA,41.0
907,2004,LOUISIANA,50.0
865,2005,LOUISIANA,48.0
823,2006,LOUISIANA,53.0
781,2007,LOUISIANA,54.0
739,2008,LOUISIANA,57.0
697,2009,LOUISIANA,56.0
655,2010,LOUISIANA,51.0
613,2011,LOUISIANA,63.0
571,2012,LOUISIANA,49.0
529,2013,LOUISIANA,58.0
487,2014,LOUISIANA,62.0
361,2015,LOUISIANA,39.0
403,2015,LOUISIANA,55.0
445,2015,LOUISIANA,55.0
319,2016,LOUISIANA,45.0
277,2017,LOUISIANA,46.0
235,2018,LOUISIANA,65.0
1076,2000,MARYLAND,63.0
1034,2001,MARYLAND,63.0
992,2002,MARYLAND,66.0
950,2003,MARYLAND,37.0
908,2004,MARYLAND,59.0
866,2005,MARYLAND,66.0
824,2006,MARYLAND,67.0
782,2007,MARYLAND,66.0
740,2008,MARYLAND,73.0
698,2009,MARYLAND,59.0
656,2010,MARYLAND,60.0
614,2011,MARYLAND,67.0
572,2012,MARYLAND,68.0
530,2013,MARYLAND,67.0
488,2014,MARYLAND,70.0
362,2015,MARYLAND,64.0
404,2015,MARYLAND,65.0
446,2015,MARYLAND,64.0
320,2016,MARYLAND,64.0
278,2017,MARYLAND,71.0
236,2018,MARYLAND,63.0
196,2019,MARYLAND,75.0
159,2020,MARYLAND,73.0
122,2021,MARYLAND,79.0
85,2022,MARYLAND,78.0
48,2023,MARYLAND,85.0
12,2024,MARYLAND,75.0
1077,2000,MICHIGAN,72.0
1035,2001,MICHIGAN,64.0
993,2002,MICHIGAN,67.0
951,2003,MICHIGAN,68.0
909,2004,MICHIGAN,64.0
867,2005,MICHIGAN,66.0
825,2006,MICHIGAN,73.0
783,2007,MICHIGAN,65.0
741,2008,MICHIGAN,68.0
699,2009,MICHIGAN,68.0
657,2010,MICHIGAN,70.0
615,2011,MICHIGAN,75.0
573,2012,MICHIGAN,76.0
531,2013,MICHIGAN,75.0
489,2014,MICHIGAN,74.0
363,2015,MICHIGAN,81.0
405,2015,MICHIGAN,80.0
447,2015,MICHIGAN,76.0
321,2016,MICHIGAN,89.0
279,2017,MICHIGAN,79.0
237,2018,MICHIGAN,76.0
197,2019,MICHIGAN,71.0
160,2020,MICHIGAN,75.0
123,2021,MICHIGAN,81.0
86,2022,MICHIGAN,83.0
49,2023,MICHIGAN,83.0
13,2024,MICHIGAN,87.0
1078,2000,MINNESOTA,49.0
1036,2001,MINNESOTA,43.9
994,2002,MINNESOTA,34.0
952,2003,MINNESOTA,57.8
910,2004,MINNESOTA,54.8
868,2005,MINNESOTA,41.0
826,2006,MINNESOTA,47.4
784,2007,MINNESOTA,47.9
742,2008,MINNESOTA,55.9
700,2009,MINNESOTA,52.8
658,2010,MINNESOTA,54.7
616,2011,MINNESOTA,46.1
574,2012,MINNESOTA,57.0
532,2013,MINNESOTA,56.7
490,2014,MINNESOTA,54.8
364,2015,MINNESOTA,59.9
406,2015,MINNESOTA,63.8
448,2015,MINNESOTA,61.8
322,2016,MINNESOTA,59.0
280,2017,MINNESOTA,66.9
238,2018,MINNESOTA,59.0
198,2019,MINNESOTA,57.0
161,2020,MINNESOTA,53.0
124,2021,MINNESOTA,48.0
87,2022,MINNESOTA,61.0
50,2023,MINNESOTA,62.0
14,2024,MINNESOTA,68.5
1079,2000,MISSISSIPPI,55.0
1037,2001,MISSISSIPPI,52.0
995,2002,MISSISSIPPI,40.0
953,2003,MISSISSIPPI,49.0
911,2004,MISSISSIPPI,53.0
869,2005,MISSISSIPPI,50.0
827,2006,MISSISSIPPI,59.0
785,2007,MISSISSIPPI,56.0
743,2008,MISSISSIPPI,62.0
701,2009,MISSISSIPPI,50.0
659,2010,MISSISSIPPI,47.0
617,2011,MISSISSIPPI,64.0
575,2012,MISSISSIPPI,57.0
533,2013,MISSISSIPPI,58.0
491,2014,MISSISSIPPI,58.0
365,2015,MISSISSIPPI,48.0
407,2015,MISSISSIPPI,47.0
449,2015,MISSISSIPPI,47.0
323,2016,MISSISSIPPI,48.0
281,2017,MISSISSIPPI,58.0
239,2018,MISSISSIPPI,49.0
199,2019,MISSISSIPPI,47.0
162,2020,MISSISSIPPI,48.0
125,2021,MISSISSIPPI,59.0
88,2022,MISSISSIPPI,52.0
51,2023,MISSISSIPPI,52.0
15,2024,MISSISSIPPI,50.0
1080,2000,MISSOURI,52.0
1038,2001,MISSOURI,54.0
996,2002,MISSOURI,44.0
954,2003,MISSOURI,61.0
912,2004,MISSOURI,52.0
870,2005,MISSOURI,53.0
828,2006,MISSOURI,54.0
786,2007,MISSOURI,43.0
744,2008,MISSOURI,48.0
702,2009,MISSOURI,47.0
660,2010,MISSOURI,46.0
618,2011,MISSOURI,50.0
576,2012,MISSOURI,58.0
534,2013,MISSOURI,57.0
492,2014,MISSOURI,58.0
366,2015,MISSOURI,53.0
408,2015,MISSOURI,54.0
450,2015,MISSOURI,56.0
324,2016,MISSOURI,70.0
282,2017,MISSOURI,68.0
240,2018,MISSOURI,59.0
200,2019,MISSOURI,63.0
163,2020,MISSOURI,62.0
126,2021,MISSOURI,65.0
89,2022,MISSOURI,60.0
52,2023,MISSOURI,70.0
16,2024,MISSOURI,75.0
1081,2000,MONTANA,27.5
1039,2001,MONTANA,22.9
997,2002,MONTANA,23.1
955,2003,MONTANA,27.4
913,2004,MONTANA,34.5
871,2005,MONTANA,36.8
829,2006,MONTANA,29.4
787,2007,MONTANA,29.6
745,2008,MONTANA,30.1
703,2009,MONTANA,33.3
661,2010,MONTANA,41.7
619,2011,MONTANA,35.2
577,2012,MONTANA,34.8
535,2013,MONTANA,39.0
493,2014,MONTANA,37.1
367,2015,MONTANA,35.1
409,2015,MONTANA,34.8
451,2015,MONTANA,35.1
325,2016,MONTANA,42.4
283,2017,MONTANA,27.3
241,2018,MONTANA,38.3
201,2019,MONTANA,42.4
164,2020,MONTANA,41.7
127,2021,MONTANA,22.2
90,2022,MONTANA,28.3
53,2023,MONTANA,37.2
17,2024,MONTANA,34.2
1082,2000,NEBRASKA,36.0
1040,2001,NEBRASKA,37.0
998,2002,NEBRASKA,33.0
956,2003,NEBRASKA,46.0
914,2004,NEBRASKA,37.0
872,2005,NEBRASKA,39.0
830,2006,NEBRASKA,36.0
788,2007,NEBRASKA,43.0
746,2008,NEBRASKA,44.0
704,2009,NEBRASKA,48.0
662,2010,NEBRASKA,43.0
620,2011,NEBRASKA,45.0
578,2012,NEBRASKA,41.0
536,2013,NEBRASKA,35.0
494,2014,NEBRASKA,49.0
368,2015,NEBRASKA,38.0
410,2015,NEBRASKA,40.0
452,2015,NEBRASKA,42.0
326,2016,NEBRASKA,54.0
284,2017,NEBRASKA,46.0
242,2018,NEBRASKA,49.0
202,2019,NEBRASKA,57.0
165,2020,NEBRASKA,41.0
128,2021,NEBRASKA,49.0
91,2022,NEBRASKA,32.0
54,2023,NEBRASKA,42.0
18,2024,NEBRASKA,52.0
1083,2000,NEVADA,98.0
1041,2001,NEVADA,90.0
999,2002,NEVADA,81.6
957,2003,NEVADA,78.4
915,2004,NEVADA,106.7
873,2005,NEVADA,100.6
831,2006,NEVADA,105.6
789,2007,NEVADA,99.2
747,2008,NEVADA,100.7
705,2009,NEVADA,96.0
663,2010,NEVADA,102.7
621,2011,NEVADA,110.3
579,2012,NEVADA,77.8
537,2013,NEVADA,87.0
495,2014,NEVADA,105.0
369,2015,NEVADA,81.3
411,2015,NEVADA,102.6
453,2015,NEVADA,102.6
327,2016,NEVADA,72.3
285,2017,NEVADA,105.7
243,2018,NEVADA,112.5
1084,2000,NEW JERSEY,57.0
1042,2001,NEW JERSEY,45.0
1000,2002,NEW JERSEY,57.0
958,2003,NEW JERSEY,42.0
916,2004,NEW JERSEY,47.0
874,2005,NEW JERSEY,53.0
832,2006,NEW JERSEY,60.0
790,2007,NEW JERSEY,51.0
748,2008,NEW JERSEY,61.0
706,2009,NEW JERSEY,51.0
664,2010,NEW JERSEY,49.0
622,2011,NEW JERSEY,49.0
580,2012,NEW JERSEY,56.0
538,2013,NEW JERSEY,54.0
496,2014,NEW JERSEY,53.0
370,2015,NEW JERSEY,50.0
412,2015,NEW JERSEY,56.0
454,2015,NEW JERSEY,56.0
328,2016,NEW JERSEY,64.0
286,2017,NEW JERSEY,64.0
244,2018,NEW JERSEY,62.0
203,2019,NEW JERSEY,66.0
166,2020,NEW JERSEY,67.0
129,2021,NEW JERSEY,67.0
92,2022,NEW JERSEY,70.0
55,2023,NEW JERSEY,82.0
1085,2000,NEW MEXICO,24.0
1043,2001,NEW MEXICO,34.0
1001,2002,NEW MEXICO,26.0
959,2003,NEW MEXICO,32.0
917,2004,NEW MEXICO,28.0
875,2005,NEW MEXICO,38.0
833,2006,NEW MEXICO,34.0
791,2007,NEW MEXICO,28.0
749,2008,NEW MEXICO,31.0
707,2009,NEW MEXICO,20.0
665,2010,NEW MEXICO,28.0
623,2011,NEW MEXICO,21.0
581,2012,NEW MEXICO,27.0
539,2013,NEW MEXICO,44.0
497,2014,NEW MEXICO,28.0
371,2015,NEW MEXICO,25.0
413,2015,NEW MEXICO,30.0
455,2015,NEW MEXICO,30.0
329,2016,NEW MEXICO,22.0
287,2017,NEW MEXICO,30.0
245,2018,NEW MEXICO,15.0
204,2019,NEW MEXICO,30.0
167,2020,NEW MEXICO,28.0
130,2021,NEW MEXICO,36.0
93,2022,NEW MEXICO,17.0
56,2023,NEW MEXICO,11.0
19,2024,NEW MEXICO,12.0
1086,2000,NEW YORK,53.0
1044,2001,NEW YORK,53.0
1002,2002,NEW YORK,58.0
960,2003,NEW YORK,53.0
918,2004,NEW YORK,53.0
876,2005,NEW YORK,54.0
834,2006,NEW YORK,61.0
792,2007,NEW YORK,53.0
750,2008,NEW YORK,63.0
708,2009,NEW YORK,65.0
666,2010,NEW YORK,67.0
624,2011,NEW YORK,55.0
582,2012,NEW YORK,63.0
540,2013,NEW YORK,68.0
498,2014,NEW YORK,63.0
372,2015,NEW YORK,63.0
414,2015,NEW YORK,63.0
456,2015,NEW YORK,62.0
330,2016,NEW YORK,74.0
288,2017,NEW YORK,67.0
246,2018,NEW YORK,69.0
205,2019,NEW YORK,63.0
168,2020,NEW YORK,66.0
131,2021,NEW YORK,77.0
94,2022,NEW YORK,72.0
57,2023,NEW YORK,81.0
20,2024,NEW YORK,75.0
1087,2000,NORTH CAROLINA,50.0
1045,2001,NORTH CAROLINA,39.0
1003,2002,NORTH CAROLINA,42.0
961,2003,NORTH CAROLINA,36.0
919,2004,NORTH CAROLINA,50.0
877,2005,NORTH CAROLINA,57.0
835,2006,NORTH CAROLINA,59.0
793,2007,NORTH CAROLINA,40.0
751,2008,NORTH CAROLINA,60.0
709,2009,NORTH CAROLINA,49.0
667,2010,NORTH CAROLINA,38.0
625,2011,NORTH CAROLINA,68.0
583,2012,NORTH CAROLINA,57.0
541,2013,NORTH CAROLINA,57.0
499,2014,NORTH CAROLINA,58.0
373,2015,NORTH CAROLINA,53.0
415,2015,NORTH CAROLINA,53.0
457,2015,NORTH CAROLINA,53.0
331,2016,NORTH CAROLINA,41.0
289,2017,NORTH CAROLINA,55.0
247,2018,NORTH CAROLINA,57.0
206,2019,NORTH CAROLINA,56.0
169,2020,NORTH CAROLINA,60.0
132,2021,NORTH CAROLINA,56.0
95,2022,NORTH CAROLINA,64.0
58,2023,NORTH CAROLINA,70.0
21,2024,NORTH CAROLINA,57.0
1088,2000,NORTH DAKOTA,33.7
1046,2001,NORTH DAKOTA,32.2
1004,2002,NORTH DAKOTA,27.3
962,2003,NORTH DAKOTA,37.3
920,2004,NORTH DAKOTA,39.4
878,2005,NORTH DAKOTA,34.3
836,2006,NORTH DAKOTA,30.3
794,2007,NORTH DAKOTA,35.6
752,2008,NORTH DAKOTA,35.8
710,2009,NORTH DAKOTA,44.8
668,2010,NORTH DAKOTA,43.0
626,2011,NORTH DAKOTA,30.3
584,2012,NORTH DAKOTA,43.8
542,2013,NORTH DAKOTA,45.4
500,2014,NORTH DAKOTA,46.3
374,2015,NORTH DAKOTA,46.7
416,2015,NORTH DAKOTA,46.4
458,2015,NORTH DAKOTA,46.4
332,2016,NORTH DAKOTA,45.0
290,2017,NORTH DAKOTA,37.9
248,2018,NORTH DAKOTA,47.6
207,2019,NORTH DAKOTA,48.4
170,2020,NORTH DAKOTA,47.6
133,2021,NORTH DAKOTA,32.2
96,2022,NORTH DAKOTA,48.9
59,2023,NORTH DAKOTA,47.1
22,2024,NORTH DAKOTA,56.9
1089,2000,OHIO,72.0
1047,2001,OHIO,67.0
1005,2002,OHIO,62.0
963,2003,OHIO,68.0
921,2004,OHIO,62.0
879,2005,OHIO,71.0
837,2006,OHIO,68.0
795,2007,OHIO,61.0
753,2008,OHIO,67.0
711,2009,OHIO,71.0
669,2010,OHIO,61.0
627,2011,OHIO,57.0
585,2012,OHIO,68.0
543,2013,OHIO,70.0
501,2014,OHIO,74.0
375,2015,OHIO,67.0
417,2015,OHIO,65.0
459,2015,OHIO,70.0
333,2016,OHIO,80.0
291,2017,OHIO,74.0
249,2018,OHIO,75.0
208,2019,OHIO,56.0
171,2020,OHIO,71.0
134,2021,OHIO,85.0
97,2022,OHIO,79.0
60,2023,OHIO,90.0
23,2024,OHIO,85.0
1090,2000,OKLAHOMA,34.0
1048,2001,OKLAHOMA,33.0
1006,2002,OKLAHOMA,28.0
964,2003,OKLAHOMA,39.0
922,2004,OKLAHOMA,35.0
880,2005,OKLAHOMA,32.0
838,2006,OKLAHOMA,24.0
796,2007,OKLAHOMA,28.0
754,2008,OKLAHOMA,37.0
712,2009,OKLAHOMA,22.0
670,2010,OKLAHOMA,31.0
628,2011,OKLAHOMA,23.0
586,2012,OKLAHOMA,36.0
544,2013,OKLAHOMA,31.0
502,2014,OKLAHOMA,17.0
376,2015,OKLAHOMA,26.0
418,2015,OKLAHOMA,25.0
460,2015,OKLAHOMA,26.0
334,2016,OKLAHOMA,39.0
292,2017,OKLAHOMA,34.0
250,2018,OKLAHOMA,28.0
209,2019,OKLAHOMA,40.0
172,2020,OKLAHOMA,40.0
135,2021,OKLAHOMA,39.0
98,2022,OKLAHOMA,28.0
61,2023,OKLAHOMA,28.0
24,2024,OKLAHOMA,38.0
1091,2000,OREGON,58.8
1049,2001,OREGON,38.2
1007,2002,OREGON,41.1
965,2003,OREGON,49.6
923,2004,OREGON,58.5
881,2005,OREGON,59.8
839,2006,OREGON,51.7
797,2007,OREGON,52.3
755,2008,OREGON,54.9
713,2009,OREGON,55.7
671,2010,OREGON,67.3
629,2011,OREGON,76.0
587,2012,OREGON,65.6
545,2013,OREGON,62.1
503,2014,OREGON,54.3
377,2015,OREGON,47.3
419,2015,OREGON,50.5
461,2015,OREGON,50.5
335,2016,OREGON,50.1
293,2017,OREGON,63.0
251,2018,OREGON,67.0
210,2019,OREGON,68.0
173,2020,OREGON,64.0
136,2021,OREGON,45.0
99,2022,OREGON,68.0
62,2023,OREGON,56.0
25,2024,OREGON,70.0
1092,2000,PENNSYLVANIA,53.0
1050,2001,PENNSYLVANIA,52.0
1008,2002,PENNSYLVANIA,53.0
966,2003,PENNSYLVANIA,43.0
924,2004,PENNSYLVANIA,49.0
882,2005,PENNSYLVANIA,54.0
840,2006,PENNSYLVANIA,59.0
798,2007,PENNSYLVANIA,58.0
756,2008,PENNSYLVANIA,64.0
714,2009,PENNSYLVANIA,56.0
672,2010,PENNSYLVANIA,59.0
630,2011,PENNSYLVANIA,51.0
588,2012,PENNSYLVANIA,65.0
546,2013,PENNSYLVANIA,68.0
504,2014,PENNSYLVANIA,65.0
378,2015,PENNSYLVANIA,65.0
420,2015,PENNSYLVANIA,63.0
462,2015,PENNSYLVANIA,63.0
336,2016,PENNSYLVANIA,68.0
294,2017,PENNSYLVANIA,72.0
252,2018,PENNSYLVANIA,65.0
211,2019,PENNSYLVANIA,73.0
174,2020,PENNSYLVANIA,71.0
137,2021,PENNSYLVANIA,77.0
100,2022,PENNSYLVANIA,73.0
63,2023,PENNSYLVANIA,76.0
26,2024,PENNSYLVANIA,75.0
1093,2000,SOUTH CAROLINA,49.0
1051,2001,SOUTH CAROLINA,43.0
1009,2002,SOUTH CAROLINA,37.0
967,2003,SOUTH CAROLINA,39.0
925,2004,SOUTH CAROLINA,44.0
883,2005,SOUTH CAROLINA,51.0
841,2006,SOUTH CAROLINA,50.0
799,2007,SOUTH CAROLINA,30.0
757,2008,SOUTH CAROLINA,54.0
715,2009,SOUTH CAROLINA,47.0
673,2010,SOUTH CAROLINA,36.0
631,2011,SOUTH CAROLINA,60.0
589,2012,SOUTH CAROLINA,53.0
547,2013,SOUTH CAROLINA,54.0
505,2014,SOUTH CAROLINA,52.0
379,2015,SOUTH CAROLINA,46.0
421,2015,SOUTH CAROLINA,50.0
463,2015,SOUTH CAROLINA,50.0
337,2016,SOUTH CAROLINA,43.0
295,2017,SOUTH CAROLINA,49.0
253,2018,SOUTH CAROLINA,54.0
212,2019,SOUTH CAROLINA,48.0
175,2020,SOUTH CAROLINA,51.0
138,2021,SOUTH CAROLINA,53.0
101,2022,SOUTH CAROLINA,57.0
64,2023,SOUTH CAROLINA,58.0
27,2024,SOUTH CAROLINA,54.0
1094,2000,SOUTH DAKOTA,39.7
1052,2001,SOUTH DAKOTA,37.6
1010,2002,SOUTH DAKOTA,26.4
968,2003,SOUTH DAKOTA,42.3
926,2004,SOUTH DAKOTA,46.0
884,2005,SOUTH DAKOTA,41.8
842,2006,SOUTH DAKOTA,32.6
800,2007,SOUTH DAKOTA,43.1
758,2008,SOUTH DAKOTA,50.5
716,2009,SOUTH DAKOTA,42.4
674,2010,SOUTH DAKOTA,45.3
632,2011,SOUTH DAKOTA,37.3
590,2012,SOUTH DAKOTA,45.9
548,2013,SOUTH DAKOTA,42.2
506,2014,SOUTH DAKOTA,55.5
380,2015,SOUTH DAKOTA,46.2
422,2015,SOUTH DAKOTA,44.9
464,2015,SOUTH DAKOTA,43.9
338,2016,SOUTH DAKOTA,51.6
296,2017,SOUTH DAKOTA,34.8
254,2018,SOUTH DAKOTA,44.4
213,2019,SOUTH DAKOTA,48.1
176,2020,SOUTH DAKOTA,51.8
139,2021,SOUTH DAKOTA,34.0
102,2022,SOUTH DAKOTA,50.0
65,2023,SOUTH DAKOTA,45.0
28,2024,SOUTH DAKOTA,56.6
1095,2000,TENNESSEE,55.0
1053,2001,TENNESSEE,54.0
1011,2002,TENNESSEE,47.0
969,2003,TENNESSEE,50.0
927,2004,TENNESSEE,49.0
885,2005,TENNESSEE,56.0
843,2006,TENNESSEE,64.0
801,2007,TENNESSEE,41.0
759,2008,TENNESSEE,63.0
717,2009,TENNESSEE,50.0
675,2010,TENNESSEE,53.0
633,2011,TENNESSEE,68.0
591,2012,TENNESSEE,63.0
549,2013,TENNESSEE,71.0
507,2014,TENNESSEE,66.0
381,2015,TENNESSEE,68.0
423,2015,TENNESSEE,67.0
465,2015,TENNESSEE,67.0
339,2016,TENNESSEE,73.0
297,2017,TENNESSEE,70.0
255,2018,TENNESSEE,65.0
214,2019,TENNESSEE,67.0
177,2020,TENNESSEE,59.0
140,2021,TENNESSEE,71.0
103,2022,TENNESSEE,73.0
66,2023,TENNESSEE,80.0
29,2024,TENNESSEE,75.0
1096,2000,TEXAS,30.0
1054,2001,TEXAS,34.0
1012,2002,TEXAS,29.0
970,2003,TEXAS,28.0
928,2004,TEXAS,31.0
886,2005,TEXAS,32.0
844,2006,TEXAS,24.0
802,2007,TEXAS,37.0
760,2008,TEXAS,30.0
718,2009,TEXAS,25.0
676,2010,TEXAS,33.0
634,2011,TEXAS,25.0
592,2012,TEXAS,33.0
550,2013,TEXAS,29.0
508,2014,TEXAS,30.0
382,2015,TEXAS,30.0
424,2015,TEXAS,31.0
466,2015,TEXAS,31.0
340,2016,TEXAS,32.0
298,2017,TEXAS,29.0
256,2018,TEXAS,32.0
215,2019,TEXAS,34.0
178,2020,TEXAS,30.0
141,2021,TEXAS,37.0
104,2022,TEXAS,30.0
67,2023,TEXAS,37.0
30,2024,TEXAS,31.0
1097,2000,UTAH,41.3
1055,2001,UTAH,42.8
1013,2002,UTAH,32.6
971,2003,UTAH,41.4
929,2004,UTAH,44.4
887,2005,UTAH,48.0
845,2006,UTAH,45.0
803,2007,UTAH,42.8
761,2008,UTAH,41.4
719,2009,UTAH,49.5
677,2010,UTAH,48.7
635,2011,UTAH,49.4
593,2012,UTAH,46.3
551,2013,UTAH,44.2
509,2014,UTAH,50.3
383,2015,UTAH,48.5
425,2015,UTAH,49.1
467,2015,UTAH,52.7
341,2016,UTAH,59.9
299,2017,UTAH,52.0
257,2018,UTAH,52.0
216,2019,UTAH,54.0
179,2020,UTAH,53.0
142,2021,UTAH,46.0
105,2022,UTAH,36.0
68,2023,UTAH,53.0
31,2024,UTAH,49.0
1098,2000,VIRGINIA,63.0
1056,2001,VIRGINIA,60.0
1014,2002,VIRGINIA,61.0
972,2003,VIRGINIA,46.0
930,2004,VIRGINIA,55.0
888,2005,VIRGINIA,63.0
846,2006,VIRGINIA,68.0
804,2007,VIRGINIA,64.0
762,2008,VIRGINIA,71.0
720,2009,VIRGINIA,58.0
678,2010,VIRGINIA,51.0
636,2011,VIRGINIA,71.0
594,2012,VIRGINIA,64.0
552,2013,VIRGINIA,62.0
510,2014,VIRGINIA,68.0
384,2015,VIRGINIA,66.0
426,2015,VIRGINIA,63.0
468,2015,VIRGINIA,67.0
342,2016,VIRGINIA,53.0
300,2017,VIRGINIA,66.0
258,2018,VIRGINIA,60.0
217,2019,VIRGINIA,62.0
180,2020,VIRGINIA,60.0
143,2021,VIRGINIA,67.0
106,2022,VIRGINIA,68.0
69,2023,VIRGINIA,78.0
32,2024,VIRGINIA,66.0
1099,2000,WASHINGTON,68.1
1057,2001,WASHINGTON,55.9
1015,2002,WASHINGTON,54.3
973,2003,WASHINGTON,59.4
931,2004,WASHINGTON,63.1
889,2005,WASHINGTON,62.6
847,2006,WASHINGTON,62.1
805,2007,WASHINGTON,58.7
763,2008,WASHINGTON,52.8
721,2009,WASHINGTON,54.6
679,2010,WASHINGTON,64.9
637,2011,WASHINGTON,70.9
595,2012,WASHINGTON,66.6
553,2013,WASHINGTON,66.9
511,2014,WASHINGTON,48.2
385,2015,WASHINGTON,50.3
427,2015,WASHINGTON,53.2
469,2015,WASHINGTON,53.7
343,2016,WASHINGTON,71.5
301,2017,WASHINGTON,66.6
259,2018,WASHINGTON,70.8
218,2019,WASHINGTON,64.7
181,2020,WASHINGTON,72.4
144,2021,WASHINGTON,39.1
107,2022,WASHINGTON,63.4
70,2023,WASHINGTON,50.5
33,2024,WASHINGTON,64.1
1100,2000,WEST VIRGINIA,61.0
1058,2001,WEST VIRGINIA,58.0
1016,2002,WEST VIRGINIA,48.0
974,2003,WEST VIRGINIA,41.0
932,2004,WEST VIRGINIA,52.0
890,2005,WEST VIRGINIA,60.0
848,2006,WEST VIRGINIA,61.0
806,2007,WEST VIRGINIA,57.0
764,2008,WEST VIRGINIA,60.0
722,2009,WEST VIRGINIA,50.0
680,2010,WEST VIRGINIA,54.0
638,2011,WEST VIRGINIA,59.0
596,2012,WEST VIRGINIA,65.0
554,2013,WEST VIRGINIA,52.0
512,2014,WEST VIRGINIA,64.0
386,2015,WEST VIRGINIA,60.0
428,2015,WEST VIRGINIA,51.0
470,2015,WEST VIRGINIA,52.0
344,2016,WEST VIRGINIA,61.0
302,2017,WEST VIRGINIA,69.0
260,2018,WEST VIRGINIA,46.0
1101,2000,WISCONSIN,61.0
1059,2001,WISCONSIN,64.1
1017,2002,WISCONSIN,60.0
975,2003,WISCONSIN,68.3
933,2004,WISCONSIN,55.6
891,2005,WISCONSIN,56.4
849,2006,WISCONSIN,76.2
807,2007,WISCONSIN,67.1
765,2008,WISCONSIN,64.5
723,2009,WISCONSIN,68.0
681,2010,WISCONSIN,64.0
639,2011,WISCONSIN,65.0
597,2012,WISCONSIN,75.0
555,2013,WISCONSIN,58.0
513,2014,WISCONSIN,65.0
387,2015,WISCONSIN,74.0
429,2015,WISCONSIN,75.0
471,2015,WISCONSIN,72.0
345,2016,WISCONSIN,79.0
303,2017,WISCONSIN,68.0
261,2018,WISCONSIN,71.0
219,2019,WISCONSIN,64.0
182,2020,WISCONSIN,69.0
145,2021,WISCONSIN,75.0
108,2022,WISCONSIN,78.0
71,2023,WISCONSIN,76.0
34,2024,WISCONSIN,82.0
1102,2000,WYOMING,24.2
1060,2001,WYOMING,24.2
1018,2002,WYOMING,19.2
976,2003,WYOMING,27.1
934,2004,WYOMING,26.6
892,2005,WYOMING,30.7
850,2006,WYOMING,27.5
808,2007,WYOMING,25.4
766,2008,WYOMING,30.4
724,2009,WYOMING,38.0
682,2010,WYOMING,32.0
640,2011,WYOMING,34.0
598,2012,WYOMING,26.0
556,2013,WYOMING,24.0
514,2014,WYOMING,38.0
388,2015,WYOMING,32.0
430,2015,WYOMING,36.0
472,2015,WYOMING,36.0
346,2016,WYOMING,34.0
304,2017,WYOMING,28.0
262,2018,WYOMING,34.0
220,2019,WYOMING,43.0
183,2020,WYOMING,26.0
146,2021,WYOMING,32.0
109,2022,WYOMING,17.0
72,2023,WYOMING,30.0
35,2024,WYOMING,31.0
